DROP DATABASE IF EXISTS vk;
CREATE DATABASE vk;
USE vk;

DROP TABLE IF EXISTS `users`;
CREATE TABLE `users` (
  `id` bigint(20) unsigned NOT NULL AUTO_INCREMENT,
  `firstname` varchar(50) COLLATE utf8_unicode_ci DEFAULT NULL,
  `lastname` varchar(50) COLLATE utf8_unicode_ci DEFAULT NULL COMMENT 'Фамилия',
  `email` varchar(120) COLLATE utf8_unicode_ci DEFAULT NULL,
  `phone` bigint(20) DEFAULT NULL,
  PRIMARY KEY (`id`),
  UNIQUE KEY `email` (`email`),
  KEY `users_phone_idx` (`phone`),
  KEY `users_firstname_lastname_idx` (`firstname`,`lastname`)
) ENGINE=InnoDB AUTO_INCREMENT=51 DEFAULT CHARSET=utf8 COLLATE=utf8_unicode_ci;

alter table users add column created_at varchar(150),
add column updated_at varchar(150);

INSERT INTO `users` VALUES ('1','Ozella','Kling','mueller.jarret@example.net','0', current_timestamp, current_timestamp),
('2','Hillary','Reynolds','yflatley@example.org','1', current_timestamp, current_timestamp),
('3','Catalina','Will','elian.jacobson@example.com','0', current_timestamp, current_timestamp),
('4','Yasmine','Considine','karen45@example.com','1', current_timestamp, current_timestamp),
('5','Bradly','Cummerata','kenton.bogan@example.org','875003', current_timestamp, current_timestamp),
('6','Alexander','Terry','vidal.nader@example.com','341268', current_timestamp, current_timestamp),
('7','Gene','Sauer','gmann@example.net','4420140306', current_timestamp, current_timestamp),
('8','Katheryn','Kovacek','mhermann@example.net','743', current_timestamp, current_timestamp),
('9','Brando','Kohler','mireya.johnston@example.com','48760', current_timestamp, current_timestamp),
('10','Guadalupe','Durgan','brian36@example.net','0', current_timestamp, current_timestamp),
('11','Lesley','Morar','savion.jast@example.org','506583', current_timestamp, current_timestamp),
('12','Armando','Powlowski','sbeer@example.org','0', current_timestamp, current_timestamp),
('13','Jane','McCullough','mckenzie93@example.org','1', current_timestamp, current_timestamp),
('14','Dawn','Kertzmann','alf85@example.com','0', current_timestamp, current_timestamp),
('15','Hobart','Farrell','ena.funk@example.org','243097', current_timestamp, current_timestamp),
('16','Reyna','Kreiger','edyth.herman@example.com','703139', current_timestamp, current_timestamp),
('17','Dedric','Hackett','hrowe@example.com','521389', current_timestamp, current_timestamp),
('18','Jennyfer','Abernathy','kaia60@example.com','203213', current_timestamp, current_timestamp),
('19','Eleazar','Gleichner','fahey.alan@example.com','439', current_timestamp, current_timestamp),
('20','Bernadette','Gislason','herbert.streich@example.net','1', current_timestamp, current_timestamp),
('21','Caleigh','Mann','qtromp@example.net','0', current_timestamp, current_timestamp),
('22','Giovanna','Hahn','steve32@example.net','431', current_timestamp, current_timestamp),
('23','Eva','Bahringer','pbreitenberg@example.net','52030755', current_timestamp, current_timestamp),
('24','Felicity','Lind','seamus.maggio@example.com','0', current_timestamp, current_timestamp),
('25','Brennan','Lakin','dondricka@example.com','0', current_timestamp, current_timestamp),
('26','Thad','Hudson','maxine19@example.net','1', current_timestamp, current_timestamp),
('27','Lewis','Krajcik','rohan.evan@example.net','1', current_timestamp, current_timestamp),
('28','Gerson','Skiles','xkozey@example.org','994815', current_timestamp, current_timestamp),
('29','Diana','Bins','bogan.everardo@example.net','0', current_timestamp, current_timestamp),
('30','General','Reinger','laurine.haley@example.com','341547', current_timestamp, current_timestamp),
('31','Anastasia','Corkery','bernhard.shaniya@example.org','534561', current_timestamp, current_timestamp),
('32','German','Pollich','edmond.hartmann@example.com','0', current_timestamp, current_timestamp),
('33','Jerrold','Blanda','mireille.marquardt@example.com','421548', current_timestamp, current_timestamp),
('34','Roselyn','Aufderhar','dedrick.padberg@example.net','1', current_timestamp, current_timestamp),
('35','Carlotta','Gutkowski','armstrong.colleen@example.com','183549', current_timestamp, current_timestamp),
('36','Tamara','Macejkovic','gaylord.hildegard@example.net','826974', current_timestamp, current_timestamp),
('37','Brielle','Fritsch','delores.flatley@example.net','1', current_timestamp, current_timestamp),
('38','Donald','Runte','cary.greenholt@example.com','9498580089', current_timestamp, current_timestamp),
('39','Andrew','Auer','keshawn.bauch@example.org','0', current_timestamp, current_timestamp),
('40','Kari','Tremblay','pschneider@example.net','67', current_timestamp, current_timestamp),
('41','Viola','Hyatt','stewart.kuhn@example.org','0', current_timestamp, current_timestamp),
('42','Whitney','Torphy','twindler@example.org','0', current_timestamp, current_timestamp),
('43','Celine','Mann','lehner.dejah@example.org','76', current_timestamp, current_timestamp),
('44','Misty','Kunde','pgoyette@example.com','1', current_timestamp, current_timestamp),
('45','Abbey','Goldner','ukoch@example.com','268', current_timestamp, current_timestamp),
('46','Lafayette','Gusikowski','arnaldo99@example.net','305', current_timestamp, current_timestamp),
('47','Orlando','Mohr','ghagenes@example.com','1', current_timestamp, current_timestamp),
('48','Hellen','Rogahn','williamson.johnpaul@example.net','1', current_timestamp, current_timestamp),
('49','Aglae','DuBuque','kunde.tabitha@example.net','1', current_timestamp, current_timestamp),
('50','Dashawn','Rohan','grady.edgardo@example.org','1', current_timestamp, current_timestamp);


DROP TABLE IF EXISTS `profiles`;
CREATE TABLE `profiles` (
  `user_id` bigint(20) unsigned NOT NULL AUTO_INCREMENT,
  `gender` char(1) COLLATE utf8_unicode_ci DEFAULT NULL,
  `birthday` date DEFAULT NULL,
  `photo_id` bigint(20) unsigned DEFAULT NULL,
  `created_at` datetime DEFAULT current_timestamp(),
  `hometown` varchar(100) COLLATE utf8_unicode_ci DEFAULT NULL,
  PRIMARY KEY (`user_id`),
  CONSTRAINT `profiles_ibfk_1` FOREIGN KEY (`user_id`) REFERENCES `users` (`id`) ON UPDATE CASCADE
) ENGINE=InnoDB AUTO_INCREMENT=46 DEFAULT CHARSET=utf8 COLLATE=utf8_unicode_ci;

INSERT INTO `profiles` VALUES ('1',NULL,'1997-01-08','1','2005-04-15 04:39:56',NULL),
('2',NULL,'2012-12-31','2','2003-11-20 18:23:33',NULL),
('3',NULL,'1984-10-21','3','1973-11-11 21:31:47',NULL),
('4',NULL,'1976-08-26','4','1995-03-14 03:18:59',NULL),
('5',NULL,'1998-12-29','5','1978-03-13 04:41:48',NULL),
('6',NULL,'1993-12-22','6','2004-07-19 09:39:09',NULL),
('7',NULL,'2006-10-01','7','2008-11-22 01:03:49',NULL),
('8',NULL,'1984-07-30','8','2000-07-25 22:40:54',NULL),
('9',NULL,'1984-09-15','9','1984-03-18 00:37:45',NULL),
('10',NULL,'2012-04-02','10','1997-02-02 08:53:52',NULL),
('11',NULL,'2011-10-08','11','2005-01-24 12:33:28',NULL),
('12',NULL,'1979-01-01','12','1992-11-15 13:59:12',NULL),
('13',NULL,'2009-01-03','13','1974-05-01 19:11:00',NULL),
('14',NULL,'2007-05-22','14','2018-09-27 16:56:26',NULL),
('15',NULL,'2004-03-18','15','2004-07-15 06:51:32',NULL),
('16',NULL,'2000-07-27','16','1974-10-02 15:36:32',NULL),
('17',NULL,'1998-04-09','17','1996-08-01 18:28:35',NULL),
('18',NULL,'2002-09-28','18','2011-08-09 06:30:38',NULL),
('19',NULL,'1986-11-12','19','2001-11-26 11:20:28',NULL),
('20',NULL,'2003-05-16','20','1983-06-02 13:53:57',NULL),
('21',NULL,'1997-01-26','21','1999-07-01 08:55:38',NULL),
('22',NULL,'1987-11-10','22','2019-02-08 13:18:49',NULL),
('23',NULL,'1977-12-29','23','2008-02-09 13:58:21',NULL),
('24',NULL,'1977-03-13','24','2018-10-09 18:59:19',NULL),
('25',NULL,'1974-11-03','25','1971-06-25 01:09:34',NULL),
('26',NULL,'2003-11-16','26','2014-08-18 12:45:17',NULL),
('27',NULL,'1982-10-23','27','1980-06-19 03:02:02',NULL),
('28',NULL,'2008-02-16','28','1995-11-12 17:21:10',NULL),
('29',NULL,'1991-11-15','29','2001-11-26 07:37:58',NULL),
('30',NULL,'2003-05-15','30','2017-08-18 08:41:53',NULL),
('31',NULL,'2002-12-27','31','1975-04-28 14:04:15',NULL),
('32',NULL,'2006-11-24','32','1988-10-15 21:57:17',NULL),
('33',NULL,'1972-01-16','33','1983-12-07 04:55:00',NULL),
('34',NULL,'2005-05-31','34','1995-12-03 00:14:54',NULL),
('35',NULL,'1999-05-17','35','1988-12-28 03:17:25',NULL),
('36',NULL,'1986-10-07','36','1993-10-27 09:47:33',NULL),
('37',NULL,'2017-08-02','37','2006-02-05 13:12:27',NULL),
('38',NULL,'1989-08-08','38','1979-12-09 23:45:41',NULL),
('39',NULL,'1991-08-15','39','2017-07-26 18:47:07',NULL),
('40',NULL,'2015-04-28','40','2002-05-20 17:56:56',NULL),
('41',NULL,'2014-04-07','41','2011-04-19 13:38:55',NULL),
('42',NULL,'2015-06-15','42','2019-04-19 01:26:45',NULL),
('43',NULL,'1979-04-27','43','2015-07-25 21:47:15',NULL),
('44',NULL,'2006-07-26','44','2017-03-28 20:50:33',NULL),
('45',NULL,'1998-11-19','45','2012-04-07 19:28:02',NULL);


DROP TABLE IF EXISTS `messages`;
CREATE TABLE `messages` (
  `id` bigint(20) unsigned NOT NULL AUTO_INCREMENT,
  `from_user_id` bigint(20) unsigned NOT NULL,
  `to_user_id` bigint(20) unsigned NOT NULL,
  `body` text COLLATE utf8_unicode_ci DEFAULT NULL,
  `created_at` datetime DEFAULT current_timestamp(),
  PRIMARY KEY (`id`),
  KEY `messages_from_user_id` (`from_user_id`),
  KEY `messages_to_user_id` (`to_user_id`),
  CONSTRAINT `messages_ibfk_1` FOREIGN KEY (`from_user_id`) REFERENCES `users` (`id`),
  CONSTRAINT `messages_ibfk_2` FOREIGN KEY (`to_user_id`) REFERENCES `users` (`id`)
) ENGINE=InnoDB AUTO_INCREMENT=101 DEFAULT CHARSET=utf8 COLLATE=utf8_unicode_ci;

INSERT INTO `messages` VALUES ('1','1','1','Dolorem quia rem et fuga ullam rerum. Recusandae quaerat praesentium dolores. Ipsam ut debitis quam soluta.','2019-12-23 00:03:28'),
('2','2','2','Temporibus repudiandae temporibus quasi et ut quam amet. Non neque suscipit accusamus blanditiis et quibusdam.','1989-01-11 03:19:49'),
('3','3','3','Officiis et enim velit est. Necessitatibus ullam ut est ut voluptatem voluptatem. Facere a illum officia adipisci doloribus. Sint occaecati voluptatem perferendis debitis fugit suscipit aperiam. Adipisci voluptatem tempore voluptas eaque.','2003-01-15 23:33:25'),
('4','4','4','Iure itaque ad nesciunt voluptatibus libero beatae amet. Expedita est animi nemo. Voluptates nobis qui corporis deserunt. Voluptate voluptas cumque blanditiis accusamus non. Hic asperiores esse praesentium quibusdam facere rem dolor.','2012-05-10 03:15:57'),
('5','5','5','Qui veritatis eos aut beatae reprehenderit qui quia. Esse sed doloremque cupiditate eaque. Harum officiis quia eligendi voluptate ullam blanditiis sint.','2002-01-01 19:49:56'),
('6','6','6','Est possimus dolor veritatis voluptatem sint ut distinctio. Dolorum alias porro ut rem sed consequuntur. Neque omnis distinctio dolores cumque reiciendis. Neque autem cum cumque laboriosam porro.','2003-05-20 00:52:33'),
('7','7','7','Ipsa quod enim rem accusamus. Quas fuga qui mollitia magnam. Quidem rerum dolores rem pariatur rerum.','2008-09-09 14:00:16'),
('8','8','8','Ut rerum sit soluta nemo eos. Rerum maiores aut corporis perferendis dicta est non hic. Libero officiis sed voluptatibus animi minima placeat.','1996-08-10 18:10:11'),
('9','9','9','Cum vitae quis repellendus laudantium omnis eveniet aut quia. Alias saepe expedita autem id. Eveniet non facilis sunt. Laborum voluptate et et veniam.','2017-01-05 12:29:35'),
('10','10','10','Amet hic nostrum recusandae necessitatibus eveniet ullam minima culpa. Cum quo vel expedita laboriosam aut non. Modi itaque et molestias aperiam et dolore.','1988-08-06 02:23:54'),
('11','11','11','Excepturi ut tenetur quis consequatur dolor aperiam totam. Quod quo consequatur aut. Temporibus voluptatem quibusdam aut tempore et reprehenderit et. Est voluptas provident sequi eius doloremque omnis soluta.','1976-05-16 19:22:46'),
('12','12','12','Minima aut voluptatem sequi voluptatem. Asperiores incidunt fugiat omnis aut iure est at. Ipsum exercitationem ipsum ab dolores asperiores amet libero. Facere temporibus et laboriosam. Placeat aut repudiandae repellendus accusantium accusantium voluptates aut.','1977-02-08 16:31:26'),
('13','13','13','Perferendis dolor provident qui perspiciatis rerum minus quis. Eaque accusamus minima dolor explicabo atque. Iure sequi quis incidunt voluptatum porro modi corrupti. Recusandae quis qui distinctio aut deleniti.','2000-11-08 05:56:17'),
('14','14','14','Id asperiores aut omnis accusamus quo. Adipisci facere nostrum in nemo suscipit non nobis rerum. Rerum velit cum consequuntur pariatur. Minus dolorum rerum et ut.','1997-11-30 17:41:58'),
('15','15','15','Consequuntur molestiae quidem sint facilis quasi. Assumenda aut consequatur cum nostrum omnis quo vel. Facilis rerum dicta assumenda nobis vel qui.','1981-11-14 15:36:36'),
('16','16','16','Doloremque enim cumque magni itaque provident vero. Architecto et molestias dolorem reiciendis. Eaque qui et ut unde alias. Illum ea vel omnis praesentium est sequi laudantium.','2008-12-22 04:15:14'),
('17','17','17','Et illo sit rem assumenda. Et quae aut placeat voluptatem beatae eaque. Ea quod minima modi nesciunt ratione aut molestiae.','2014-06-08 14:59:20'),
('18','18','18','Vero sit ipsam dolor et. Velit delectus et laborum. Non quasi aut officiis doloribus laborum repudiandae dolor. Consequatur reiciendis nesciunt libero consequatur quas.','1998-08-30 02:52:31'),
('19','19','19','Fuga error ipsam molestiae rerum velit. Autem ea neque atque est deserunt eum accusamus. Voluptatum doloremque unde distinctio eius quod. Nihil ea cumque deserunt occaecati consectetur quaerat nam.','1983-09-09 23:08:30'),
('20','20','20','Sunt adipisci mollitia voluptas est pariatur laborum reprehenderit. Quod beatae possimus dolor sunt eius est a sit. Molestiae cum pariatur recusandae eveniet. Sunt iste nobis et est.','1987-02-01 23:11:50'),
('21','21','21','Animi optio quia eum aut. Sit labore aut dolor dicta deserunt. Consequatur rem est ut ut earum minus. Ullam quasi culpa praesentium molestiae nihil ab repudiandae.','1989-01-01 21:06:23'),
('22','22','22','Autem sapiente atque atque temporibus delectus quis. Ut doloribus et voluptatem porro. Qui maxime aspernatur qui aut.','2006-05-25 13:08:19'),
('23','23','23','Vero deleniti sunt repellat sit ad voluptas. Ut aut laborum velit aut. Earum omnis et voluptatem ut vel. Voluptate et perferendis vero consectetur aut magnam eos.','1996-10-10 19:59:04'),
('24','24','24','Ut qui ratione a est ipsum. Laborum nam rerum quis alias.','2014-09-07 03:42:39'),
('25','25','25','Consequatur quia praesentium excepturi. Nihil consequatur aut dolorem totam eum. Facere quo velit vitae nulla nobis perferendis. Velit nisi dicta qui magni.','1985-12-20 20:01:27'),
('26','26','26','Voluptate quos ullam quo consequuntur similique recusandae. Ad sed aliquam quo similique et. Fuga sed repellat saepe.','1996-12-03 20:52:53'),
('27','27','27','Consequuntur voluptas perferendis voluptatem illo quaerat. Consequuntur molestiae et et atque asperiores repudiandae consequatur autem.','1977-01-16 09:38:51'),
('28','28','28','Provident atque eligendi sit sed doloremque reiciendis voluptate. Dolor consequatur atque nulla sed accusamus. Voluptas omnis qui aut at consequatur. Sit eius sequi praesentium.','2013-08-30 02:08:40'),
('29','29','29','Recusandae et inventore quo quasi molestias placeat ullam. Tenetur exercitationem dignissimos ad qui. Est sit nesciunt nostrum. Atque deleniti dolor impedit ex.','2009-10-28 04:42:36'),
('30','30','30','Blanditiis modi incidunt ut quo. Rem adipisci non fugiat sint voluptatem. Consectetur suscipit et soluta eum magni ea. Ipsa nostrum qui in qui.','2019-03-23 00:01:39'),
('31','31','31','Itaque aperiam aut omnis ducimus. Perferendis eum rem quia eius magnam. Iste facere alias ullam blanditiis omnis alias qui. Repudiandae et nemo ut distinctio voluptatem.','1997-12-15 23:11:19'),
('32','32','32','Doloremque saepe aut quo. Explicabo minima et sit.','1984-03-07 14:47:02'),
('33','33','33','Consequatur nihil omnis aut animi non aperiam iusto. Nam facilis necessitatibus cumque iusto. Dolorem dolor voluptatem laborum rerum ut vitae.','1997-08-04 20:35:20'),
('34','34','34','Quo et aut minima atque. Qui excepturi eaque neque sapiente. Dolor vitae facilis laudantium fugiat quis itaque impedit quibusdam.','1978-03-20 14:23:42'),
('35','35','35','Nulla praesentium repellendus aliquam voluptatem et et saepe. Non repellendus quia nostrum iusto et. Voluptatibus fuga nulla aut aut veritatis fugit.','2002-11-20 16:19:50'),
('36','36','36','Quasi sit facere autem sit vero eos. Ea expedita atque doloremque laborum. Numquam fuga ut nulla dignissimos.','1985-01-27 23:58:56'),
('37','37','37','Natus eaque magnam quisquam atque neque nihil. Quo eum nesciunt sed ducimus. Molestias porro maiores voluptatem dolore. Nemo natus non quia doloremque.','2011-12-29 23:08:19'),
('38','38','38','Optio perspiciatis sint ex aut itaque eligendi culpa dolorum. Vel ut eaque sit ut error voluptates sequi. Quas cum consequatur aperiam eos et reiciendis ipsam. Quia dolor dicta qui repellendus laudantium veritatis.','1980-08-22 00:08:40'),
('39','39','39','Fugit debitis voluptatum ea a dolorem. Illo in quia consequatur. Esse dolor exercitationem nulla officiis.','1997-06-25 03:40:12'),
('40','40','40','Dolor dolor distinctio a fuga distinctio labore fuga. Sequi quia ad autem sed doloribus nostrum velit.','1996-05-06 05:29:23'),
('41','41','41','Et fugit unde quibusdam similique molestiae. Culpa iusto et perferendis occaecati magni. Veritatis ducimus qui beatae sit voluptates. Occaecati voluptate est ut optio quia similique consequatur. Deleniti occaecati nulla tempora porro qui explicabo.','1979-01-15 09:36:40'),
('42','42','42','Consequatur facilis vel ut veniam sed. Consequatur minima sequi possimus laudantium voluptatibus. Sed recusandae vitae numquam consequatur.','2006-06-02 14:40:07'),
('43','43','43','Deserunt culpa odit totam mollitia quidem. Ut unde maiores quae aut quia voluptates. At sit cum repellat.','1997-11-23 19:59:31'),
('44','44','44','Est nisi alias ea voluptatem non atque porro. Et eum itaque est corporis nobis recusandae. Natus nostrum libero sed ut. Illo omnis rerum asperiores consequatur dignissimos optio a.','1970-12-28 19:11:45'),
('45','45','45','Exercitationem eos numquam et atque nesciunt id. Quidem voluptas soluta a. Tempore unde mollitia molestiae aut similique. Aperiam quo quos blanditiis libero rerum est.','2016-06-26 12:09:21'),
('46','46','46','Omnis ut suscipit dolore iusto velit culpa est. Rerum et praesentium sed quis sequi. Est velit maxime nam fuga praesentium.','2005-06-23 11:15:42'),
('47','47','47','Officia sunt et sunt alias accusamus accusamus eos nobis. Quis eius voluptatibus qui temporibus quis. Natus dolores non dignissimos quibusdam fugit.','2007-06-05 22:19:03'),
('48','48','48','Enim asperiores in id enim animi. Dolores quisquam voluptatem eveniet. Est eaque corrupti non at praesentium voluptate vel rem. Quis veritatis voluptate totam quos. Voluptas corporis voluptatibus sit laboriosam in dolores dolorem.','2004-10-31 11:32:53'),
('49','49','49','Maiores occaecati atque est placeat est. Maiores nam et consequatur et molestiae consequatur.','1994-12-17 19:55:38'),
('50','50','50','Maiores sed soluta odit autem. Sed quo dicta quia minus est sint fugit. Ut ab quisquam quidem tempora.','2018-10-08 21:06:22'),
('51','1','1','Aut id necessitatibus iste reiciendis magni. Cupiditate commodi quis omnis sequi debitis facere.','2005-07-28 15:55:30'),
('52','2','2','Qui ut aut quis animi ex quo. Sequi ut ducimus qui debitis nam qui dolorem. Molestiae dolor eos recusandae aspernatur dolor. Quo odit facilis esse aliquam.','2008-03-31 07:36:59'),
('53','3','3','Non est praesentium qui unde. Aperiam blanditiis ratione quia laborum. Reiciendis alias voluptate et non. Iste velit ex atque quia.','1988-07-14 16:23:04'),
('54','4','4','Repellendus quas sint corporis et. Fugit eum quos odio veniam. Libero eos veniam sit est dolorem. Veniam dignissimos iste aperiam exercitationem facere dolores.','2014-03-11 23:35:01'),
('55','5','5','Fugiat molestias architecto enim magni vel est ad. Ea vero occaecati veritatis eaque. Earum harum omnis est rerum similique quisquam. Nihil hic ex et voluptatem dolore placeat.','2000-09-27 05:08:24'),
('56','6','6','Eum aut id fugiat repellat quos. Qui magnam voluptatem omnis quasi voluptas aut est. Alias at eaque nemo reiciendis repellat quam facere.','2009-05-04 23:06:20'),
('57','7','7','Officiis porro vero quasi dolorem eaque non. Et voluptas et aspernatur ut optio qui. Vitae voluptas iusto dolorum sint eum voluptas. Nam sint ut quia quisquam sit.','2018-09-05 22:56:50'),
('58','8','8','Omnis minus porro maiores saepe minus totam. Quia molestiae explicabo enim voluptas nobis. Assumenda numquam reiciendis non laborum sunt et aspernatur enim.','1975-05-15 06:10:21'),
('59','9','9','Sed iste cumque corrupti quos. Cum corporis vero quia mollitia labore odio. Enim inventore cupiditate quasi corporis sit et et.','1975-05-02 16:14:51'),
('60','10','10','Quasi dolores a dolor laudantium. Qui unde eos temporibus aut. Iure et quaerat ut optio non soluta et tempora. Facere mollitia id totam itaque.','1998-11-01 05:48:37'),
('61','11','11','Esse vitae voluptates molestiae itaque nulla consequatur occaecati sint. Nisi perspiciatis quae cupiditate cum praesentium inventore eum. Architecto modi voluptatum odit fugiat quo cupiditate. Quam tempore nemo placeat sit non doloribus.','1983-01-11 05:04:05'),
('62','12','12','Recusandae autem ut fugit dolorem voluptas ab quam quas. Quam praesentium eveniet nihil debitis excepturi placeat. Unde omnis perferendis quasi optio et omnis quo assumenda. Deleniti quas quaerat praesentium itaque libero nulla provident perferendis. Vel ipsa consequuntur mollitia error nihil aut.','2011-10-15 23:23:00'),
('63','13','13','Sapiente labore et sit. Est consectetur deserunt expedita dolor doloribus. Alias optio id sed quia recusandae vitae.','1975-02-24 05:30:35'),
('64','14','14','Ipsum in a aut recusandae cupiditate perspiciatis ut. Sed aut autem enim dicta quia aut. Rerum nihil modi blanditiis qui. Temporibus quia veritatis nemo voluptas voluptatum aut ad.','1982-04-30 20:48:49'),
('65','15','15','Id ducimus quo repellat hic. Et et ut consequatur autem itaque illo magnam ut. Nostrum molestias est quia. Iste amet tenetur perspiciatis eos sed.','2009-02-14 18:45:10'),
('66','16','16','Qui quos voluptatem expedita repellendus. Quo ad doloremque iste et porro rerum culpa.','2010-04-25 00:55:38'),
('67','17','17','Recusandae omnis expedita fuga animi. Qui totam deleniti id quae placeat ut doloribus. Sed ad deleniti numquam necessitatibus cumque.','2006-02-14 23:18:08'),
('68','18','18','Nostrum voluptatum ducimus qui nostrum libero necessitatibus. Incidunt fugiat similique illo dolore. Amet recusandae vero nostrum incidunt id. Assumenda alias perferendis enim facere nostrum corporis.','2005-05-24 15:34:56'),
('69','19','19','Voluptatibus aperiam recusandae quas culpa id asperiores consequatur. Ipsa est nihil soluta et. Distinctio eum vel similique voluptatem et excepturi est.','2012-06-13 14:00:20'),
('70','20','20','Quo non consequatur placeat. Soluta sed amet quia est. Aliquam perferendis repellendus dolores et cum et. Facilis necessitatibus adipisci ut.','1999-06-03 23:11:37'),
('71','21','21','Ex mollitia officia quia. Non voluptates quisquam et nesciunt a sapiente. Voluptas et architecto repellendus. Et temporibus non soluta incidunt beatae.','2013-06-10 05:22:19'),
('72','22','22','Rem quae vero sapiente. Et veniam ut rerum. Officiis eum itaque et nam. Harum non harum sit quo.','2007-12-22 12:51:19'),
('73','23','23','Et ipsa molestias et quis blanditiis assumenda. Voluptatibus doloremque excepturi sit qui. Non eos amet at sit amet doloribus.','1981-10-20 16:45:19'),
('74','24','24','Occaecati quis sunt eos qui. Exercitationem ratione odit eos. Animi dolorem ratione et consectetur quo.','1983-07-09 08:49:36'),
('75','25','25','Aperiam sint est id consequatur cupiditate illum id. Fugiat quod inventore facere ullam. Et perferendis velit in voluptas. Animi tenetur voluptatem quos aut ab consequatur.','2007-03-18 23:53:46'),
('76','26','26','Consequatur deserunt suscipit vel autem qui dolorem accusantium aliquid. Quis iste ex est ut amet culpa nemo. Dolor perferendis quasi omnis in ea. Perferendis recusandae soluta rerum cumque dolorem nulla consequatur esse.','2015-02-05 11:22:23'),
('77','27','27','Doloremque vel omnis sit quidem id dolor corrupti. Voluptatem perspiciatis illum vitae quia velit in. Non enim dolorem cum eum. Magnam impedit vel ex minima enim voluptatem.','1991-04-13 22:06:21'),
('78','28','28','Debitis error facere omnis nemo alias voluptatem. Et aut explicabo aliquid sit.','2002-06-17 17:19:10'),
('79','29','29','Amet rerum perferendis illum odit nostrum. Tempora vitae qui error dignissimos in alias. Eaque quibusdam aut voluptas iusto.','2003-08-18 12:35:40'),
('80','30','30','Eum nemo eveniet at. Et ut nihil ratione recusandae molestiae dolore sequi. Nesciunt qui consequatur est enim ipsam aliquam.','1989-02-17 01:09:10'),
('81','31','31','Natus quo aliquid sit eos occaecati. Quae deserunt quia sequi dicta est eos officia consequatur. Doloribus consequatur voluptatem et velit exercitationem. Nihil earum veniam labore qui repellat et dolorem.','1998-08-25 06:32:26'),
('82','32','32','Quidem non ut assumenda pariatur sapiente impedit repellendus. Quia et officia laborum iure. Culpa ipsa officia dolore molestiae atque eligendi mollitia.','1980-12-18 12:18:22'),
('83','33','33','Occaecati aspernatur nihil corporis labore laboriosam voluptatem. Sint quidem possimus magnam dolorum omnis ullam sit. Ipsam qui excepturi aut at quisquam libero excepturi.','1993-03-04 15:13:54'),
('84','34','34','Aut eos tempore laborum reprehenderit nobis quis debitis aut. Autem aperiam autem harum illo quo molestias voluptatum. Sapiente dolore dicta repellendus inventore. Suscipit sit mollitia quo dignissimos in dolores.','1970-04-05 20:04:28'),
('85','35','35','Sit recusandae ut iusto consectetur. Nostrum exercitationem pariatur ut et quos. Consequatur et explicabo nesciunt.','2017-04-07 08:13:52'),
('86','36','36','Animi tempore velit quia rem. Facere debitis nihil quas aut ipsam. Et aspernatur autem soluta aut ullam autem et. Distinctio ut sit itaque aperiam nihil quibusdam est qui.','2010-07-10 16:07:21'),
('87','37','37','Rerum accusamus non voluptatem similique non. Voluptas sed earum laborum nihil quam dolorem. Iure similique consequuntur maxime explicabo. Quibusdam ducimus est unde harum officia nemo.','1978-12-03 21:54:07'),
('88','38','38','Et qui est velit eaque est distinctio. Aspernatur doloribus vel cum est. Atque ipsum natus sed amet. Sint commodi est aliquam ipsum.','1975-06-12 17:27:29'),
('89','39','39','Fugit cum eum voluptatem harum eum explicabo adipisci. Occaecati sint dolor deserunt. Dolorem et amet porro sequi qui consequatur. Et illum ad doloribus neque cupiditate nulla illum.','1974-10-13 05:42:18'),
('90','40','40','Est tempora omnis voluptatem pariatur. Est similique libero ex praesentium qui sint et fugit. Provident expedita eius ea rerum. Tempore est dicta officiis vero molestiae eum alias.','1985-03-20 04:27:38'),
('91','41','41','Sed vero et minima adipisci rerum voluptas perspiciatis. Ut quidem in commodi distinctio architecto. Voluptatem ducimus nulla eos molestias autem quia excepturi aliquam. Illo corporis accusantium est ut sed. Magni voluptate autem sed id eius eligendi.','1977-10-10 08:47:21'),
('92','42','42','Dolorum ut tempora et eaque quidem odit consequatur. Consequatur inventore libero officia culpa perferendis doloribus molestiae.','2000-11-03 22:03:51'),
('93','43','43','A occaecati alias facere officia et voluptatem. Ut illum fugiat voluptate et sed et. Animi sunt qui exercitationem ab quis quos est. Ad ut rerum aliquam libero vero commodi perspiciatis.','1976-05-08 13:15:02'),
('94','44','44','Nulla ea quaerat nihil ut et ipsam. Voluptas nesciunt iure tempora nihil dolorem sit.','1986-09-15 15:26:33'),
('95','45','45','Sit necessitatibus quibusdam et. Nemo unde dolore rerum qui. Reiciendis fuga non nesciunt doloribus sapiente. Laudantium at praesentium voluptates fuga delectus.','1998-01-05 16:30:30'),
('96','46','46','Qui labore sed ducimus. Id pariatur similique ut consequatur. Vitae quia quam ipsa qui quia rerum ratione. Et nemo cupiditate veritatis laborum et qui.','2000-08-08 22:37:09'),
('97','47','47','Qui consequatur unde aliquam esse. Labore dolore commodi labore at nisi non. Qui nulla qui alias. Et sint enim maiores est blanditiis.','2015-02-10 22:33:36'),
('98','48','48','Soluta officia et quis consequuntur explicabo voluptatem. Facere corporis qui consequuntur provident sint. Est cumque velit consequatur aperiam dolore incidunt.','2015-05-21 03:03:06'),
('99','49','49','Placeat voluptatem voluptas magni quidem quod illo maiores alias. Et qui consequatur aut maxime nulla. Incidunt aspernatur velit aspernatur excepturi. Id corporis autem repellendus cumque ab voluptatem natus.','1994-10-15 17:11:41'),
('100','50','50','Illum unde magni autem odio incidunt. In sit sit sit quia molestiae assumenda quis possimus. Aut possimus assumenda reprehenderit omnis placeat. Et excepturi qui quaerat.','2004-07-24 23:26:55'); 


DROP TABLE IF EXISTS `friend_requests`;
CREATE TABLE `friend_requests` (
  `initiator_user_id` bigint(20) unsigned NOT NULL,
  `target_user_id` bigint(20) unsigned NOT NULL,
  `status` enum('requested','approved','unfriended','declined') COLLATE utf8_unicode_ci DEFAULT NULL,
  `requested_at` datetime DEFAULT current_timestamp(),
  `confirmed_at` datetime DEFAULT current_timestamp(),
  PRIMARY KEY (`initiator_user_id`,`target_user_id`),
  KEY `initiator_user_id` (`initiator_user_id`),
  KEY `target_user_id` (`target_user_id`),
  CONSTRAINT `friend_requests_ibfk_1` FOREIGN KEY (`initiator_user_id`) REFERENCES `users` (`id`),
  CONSTRAINT `friend_requests_ibfk_2` FOREIGN KEY (`target_user_id`) REFERENCES `users` (`id`)
) ENGINE=InnoDB DEFAULT CHARSET=utf8 COLLATE=utf8_unicode_ci;

INSERT INTO `friend_requests` VALUES ('1','1','requested','1985-08-27 05:22:14','1978-10-06 06:38:52'),
('2','2','declined','1971-06-14 12:43:06','1990-10-12 12:03:23'),
('3','3','declined','1981-02-05 09:02:06','1977-02-04 01:38:06'),
('4','4','approved','1996-09-29 20:49:59','2012-09-18 23:40:35'),
('5','5','unfriended','2001-06-02 18:07:46','1971-10-28 12:08:37'),
('6','6','unfriended','1970-08-04 01:25:04','1998-04-23 17:36:18'),
('7','7','requested','1998-11-08 20:44:22','1972-03-13 14:17:17'),
('8','8','declined','1976-12-23 01:20:33','1975-05-09 05:19:11'),
('9','9','declined','2013-10-08 20:02:37','1974-11-30 16:03:21'),
('10','10','unfriended','1975-03-18 05:00:12','1973-09-28 05:10:19'),
('11','11','unfriended','1979-07-25 06:58:19','2010-08-08 08:01:36'),
('12','12','approved','1996-06-14 11:55:40','1995-12-26 09:04:30'),
('13','13','unfriended','1982-09-07 09:30:16','1993-06-16 02:02:19'),
('14','14','unfriended','1994-02-21 13:52:35','2018-07-19 06:17:58'),
('15','15','declined','2019-05-21 11:26:37','2003-04-05 14:11:01'),
('16','16','unfriended','1998-09-12 05:09:01','1996-11-03 09:48:09'),
('17','17','requested','2003-01-26 21:59:38','1989-08-19 17:30:32'),
('18','18','approved','1975-03-02 09:23:21','2011-11-08 06:26:43'),
('19','19','unfriended','1971-04-21 21:46:07','1990-11-15 17:49:09'),
('20','20','unfriended','1977-07-28 20:55:01','1990-08-23 18:01:24'),
('21','21','requested','1983-05-23 18:35:59','2012-03-15 05:22:14'),
('22','22','requested','2003-12-28 04:52:09','2017-10-12 23:51:24'),
('23','23','requested','1981-11-11 15:49:59','2009-05-28 08:03:15'),
('24','24','unfriended','1976-08-15 05:56:08','1983-07-15 11:41:22'),
('25','25','requested','1987-12-16 23:12:22','2001-10-27 04:52:30'),
('26','26','declined','2002-01-09 10:14:49','2011-12-02 01:30:33'),
('27','27','unfriended','1999-08-14 06:37:52','2014-12-27 16:39:52'),
('28','28','approved','1995-10-16 11:09:33','1970-08-12 21:30:50'),
('29','29','approved','2009-10-02 04:49:14','1993-05-18 16:39:05'),
('30','30','unfriended','2000-11-15 17:30:35','2015-09-30 07:44:28'),
('31','31','requested','2019-07-01 15:33:48','2001-11-19 07:00:09'),
('32','32','approved','1981-04-22 05:57:47','1980-08-11 16:13:15'),
('33','33','declined','1989-06-09 15:47:47','1994-02-25 00:55:58'),
('34','34','unfriended','2010-02-28 10:27:34','1995-11-14 06:32:37'),
('35','35','approved','2007-03-08 02:13:27','2013-07-01 15:17:36'),
('36','36','declined','2016-09-09 23:37:40','1973-03-26 11:50:16'),
('37','37','unfriended','1996-11-01 13:26:22','1973-05-21 19:19:17'),
('38','38','approved','1984-01-31 02:21:52','1988-01-12 12:43:33'),
('39','39','approved','1977-11-22 10:04:01','2002-12-31 03:36:25'),
('40','40','approved','1973-04-03 22:47:29','1986-11-21 09:00:11'),
('41','41','unfriended','1994-09-12 16:30:30','2004-08-22 04:38:47'),
('42','42','requested','1976-09-19 13:03:58','2002-09-10 07:58:52'),
('43','43','approved','2008-06-20 13:48:52','2006-07-10 17:25:33'),
('44','44','approved','1997-05-26 23:50:52','1978-11-06 03:49:56'),
('45','45','unfriended','2003-05-31 18:21:06','1989-12-18 16:23:40'),
('46','46','approved','2010-07-14 22:33:50','1998-04-07 00:10:54'),
('47','47','requested','1996-03-28 19:22:35','2015-06-28 19:26:03'),
('48','48','unfriended','1978-01-23 00:54:39','2006-08-04 09:24:54'),
('49','49','approved','1982-01-31 08:17:05','1994-09-21 11:12:45'),
('50','50','unfriended','2003-11-13 13:34:31','1984-11-14 14:39:56');


DROP TABLE IF EXISTS `communities`;
CREATE TABLE `communities` (
  `id` bigint(20) unsigned NOT NULL AUTO_INCREMENT,
  `name` varchar(150) COLLATE utf8_unicode_ci DEFAULT NULL,
  PRIMARY KEY (`id`),
  KEY `communities_name_idx` (`name`)
) ENGINE=InnoDB AUTO_INCREMENT=36 DEFAULT CHARSET=utf8 COLLATE=utf8_unicode_ci;

INSERT INTO `communities` VALUES ('19','at'),
('7','autem'),
('2','consequatur'),
('33','culpa'),
('16','delectus'),
('23','doloremque'),
('4','ea'),
('8','enim'),
('11','enim'),
('32','est'),
('10','et'),
('14','et'),
('18','et'),
('6','expedita'),
('15','fugiat'),
('34','id'),
('22','illum'),
('27','in'),
('26','minus'),
('25','modi'),
('13','molestiae'),
('35','mollitia'),
('24','nisi'),
('20','placeat'),
('17','quae'),
('9','quo'),
('12','quos'),
('31','suscipit'),
('28','unde'),
('30','ut'),
('1','voluptas'),
('21','voluptate'),
('3','voluptatem'),
('5','voluptatem'),
('29','voluptatem'); 


DROP TABLE IF EXISTS `users_communities`;
CREATE TABLE `users_communities` (
  `user_id` bigint(20) unsigned NOT NULL,
  `community_id` bigint(20) unsigned NOT NULL,
  PRIMARY KEY (`user_id`,`community_id`),
  KEY `community_id` (`community_id`),
  CONSTRAINT `users_communities_ibfk_1` FOREIGN KEY (`user_id`) REFERENCES `users` (`id`),
  CONSTRAINT `users_communities_ibfk_2` FOREIGN KEY (`community_id`) REFERENCES `communities` (`id`)
) ENGINE=InnoDB DEFAULT CHARSET=utf8 COLLATE=utf8_unicode_ci;

INSERT INTO `users_communities` VALUES ('1','1'),
('2','2'),
('3','3'),
('4','4'),
('5','5'),
('6','6'),
('7','7'),
('8','8'),
('9','9'),
('10','10'),
('11','11'),
('12','12'),
('13','13'),
('14','14'),
('15','15'),
('16','16'),
('17','17'),
('18','18'),
('19','19'),
('20','20'),
('21','21'),
('22','22'),
('23','23'),
('24','24'),
('25','25'),
('26','26'),
('27','27'),
('28','28'),
('29','29'),
('30','30'),
('31','31'),
('32','32'),
('33','33'),
('34','34'),
('35','35'),
('36','1'),
('37','2'),
('38','3'),
('39','4'),
('40','5'),
('41','6'),
('42','7'),
('43','8'),
('44','9'),
('45','10');


DROP TABLE IF EXISTS `media_types`;
CREATE TABLE `media_types` (
  `id` bigint(20) unsigned NOT NULL AUTO_INCREMENT,
  `name` varchar(255) COLLATE utf8_unicode_ci DEFAULT NULL,
  `created_at` datetime DEFAULT current_timestamp(),
  `updated_at` datetime DEFAULT current_timestamp() ON UPDATE current_timestamp(),
  PRIMARY KEY (`id`)
) ENGINE=InnoDB AUTO_INCREMENT=11 DEFAULT CHARSET=utf8 COLLATE=utf8_unicode_ci;

INSERT INTO `media_types` VALUES ('1','incidunt','2012-07-16 01:50:49','1975-09-10 14:39:17'),
('2','eum','1980-10-09 07:39:26','2005-07-18 14:35:56'),
('3','praesentium','2019-09-06 10:21:11','1977-02-12 00:51:01'),
('4','ad','1998-07-09 09:08:02','1994-07-08 07:38:35'),
('5','aut','2009-12-16 15:06:07','2001-07-11 03:33:21'),
('6','et','1992-10-23 05:26:48','1988-10-20 11:55:19'),
('7','assumenda','2019-06-10 07:59:21','1999-12-24 08:47:04'),
('8','expedita','1981-02-21 08:48:33','1991-04-12 23:15:05'),
('9','rerum','2015-09-20 09:18:15','1975-05-18 02:34:22'),
('10','iusto','2016-08-10 12:01:27','1996-12-13 16:07:10');


DROP TABLE IF EXISTS `media`;
CREATE TABLE `media` (
  `id` bigint(20) unsigned NOT NULL AUTO_INCREMENT,
  `media_type_id` bigint(20) unsigned NOT NULL,
  `user_id` bigint(20) unsigned NOT NULL,
  `body` text COLLATE utf8_unicode_ci DEFAULT NULL,
  `filename` varchar(255) COLLATE utf8_unicode_ci DEFAULT NULL,
  `size` int(11) DEFAULT NULL,
  `metadata` longtext CHARACTER SET utf8mb4 COLLATE utf8mb4_bin DEFAULT NULL,
  `created_at` datetime DEFAULT current_timestamp(),
  `updated_at` datetime DEFAULT current_timestamp() ON UPDATE current_timestamp(),
  PRIMARY KEY (`id`),
  KEY `user_id` (`user_id`),
  KEY `media_type_id` (`media_type_id`),
  CONSTRAINT `media_ibfk_1` FOREIGN KEY (`user_id`) REFERENCES `users` (`id`),
  CONSTRAINT `media_ibfk_2` FOREIGN KEY (`media_type_id`) REFERENCES `media_types` (`id`)
) ENGINE=InnoDB AUTO_INCREMENT=101 DEFAULT CHARSET=utf8 COLLATE=utf8_unicode_ci;

INSERT INTO `media` VALUES ('1','1','1','Maxime aspernatur molestiae suscipit beatae optio. Eos impedit vitae consequatur. Hic quis consequatur non praesentium magnam molestiae.','temporibus','10292',NULL,'2006-04-13 16:40:01','1989-01-03 03:25:47'),
('2','2','2','Porro in exercitationem quia dolor. Beatae voluptatem dignissimos incidunt sed vel in. Id ullam dicta impedit ad perspiciatis sint voluptas minus.','non','56458',NULL,'2013-01-02 11:57:39','1978-10-25 10:47:25'),
('3','3','3','Aut aliquam ut fuga neque deleniti. Voluptates adipisci reprehenderit veritatis tenetur voluptatem laudantium. Cum omnis quis quia aut sint non expedita.','et','33181',NULL,'1987-12-17 23:15:40','1990-05-02 15:04:30'),
('4','4','4','Minus et sapiente vitae veniam vel. Nulla quo natus et laboriosam et ut. Harum et ullam impedit corrupti non in. Cum tempore nesciunt accusamus qui sunt.','qui','0',NULL,'1982-10-17 03:37:00','2002-08-10 20:33:27'),
('5','5','5','Dolor dolores aut explicabo modi veniam et corrupti. Libero aut quia recusandae non praesentium vel. Voluptatibus et delectus et et. Optio ut non ipsum non sed iusto dolorem.','et','721885',NULL,'2014-02-02 01:32:28','1984-05-01 05:04:32'),
('6','6','6','Et ad eos animi dolores corrupti dolorem deserunt. Est autem consequatur deserunt asperiores et. Et voluptas officia fugiat adipisci qui.','et','8298',NULL,'1976-05-24 00:14:37','1983-08-03 04:47:28'),
('7','7','7','Impedit corrupti libero porro nemo nam. Aut quas at ut id quos cupiditate. Magnam id cum non. Aut laudantium omnis non hic debitis.','et','1822909',NULL,'2002-01-24 23:53:16','2012-10-05 21:39:09'),
('8','8','8','Rem sit ratione commodi. Quia et numquam laudantium autem ea ex. Molestias voluptate enim molestiae modi quia temporibus qui. Molestiae occaecati omnis id consequatur repudiandae fuga inventore. Consectetur iusto vel beatae repellat.','autem','83386',NULL,'2008-02-22 19:33:46','2007-02-12 21:03:59'),
('9','9','9','Dolores iusto a veniam nam. Cum ab quas sunt recusandae. Dolorum iusto omnis nesciunt veritatis.','amet','14',NULL,'2016-11-02 20:43:22','2000-10-06 17:41:56'),
('10','10','10','Debitis vitae in perferendis atque. Vel facilis vel corporis aut sed similique vitae ex. Veniam quam adipisci magni sint et aspernatur laudantium et.','autem','0',NULL,'1971-05-28 02:03:50','1977-04-29 06:19:09'),
('11','1','11','Dolorem ut quis assumenda maiores totam harum rerum doloremque. Totam sed ut voluptatem tenetur eum. Et distinctio dignissimos tenetur laboriosam odit voluptatem. Repellat mollitia at ut rem. Blanditiis sed quia repellendus id est illum.','omnis','4399',NULL,'1992-12-14 06:37:35','1980-05-09 03:02:33'),
('12','2','12','Non distinctio nam aut voluptatibus qui aut qui culpa. Optio et porro rerum perferendis.','qui','151002',NULL,'2001-07-23 14:38:36','2006-12-25 14:21:00'),
('13','3','13','Id vel officia sunt voluptate at. Nam eum voluptatem et est qui itaque. Ut beatae soluta ab natus aut repellendus. Nostrum commodi nisi deserunt dicta.','sit','81292',NULL,'1990-07-27 23:15:23','1989-08-13 12:19:18'),
('14','4','14','Reiciendis deserunt laudantium id. Similique consectetur iusto maxime quia eos culpa cumque et. Id veritatis commodi in autem.','officiis','4861',NULL,'2005-04-13 02:56:36','2014-10-02 03:18:03'),
('15','5','15','Molestiae debitis beatae rem repudiandae. Numquam voluptas eum autem architecto sunt quia. Ut ex eos in nobis culpa sint omnis.','fugiat','8100',NULL,'1998-04-22 15:13:47','1998-02-21 08:17:39'),
('16','6','16','Maxime deserunt omnis dolorem labore accusantium autem quas. Magni id autem est nemo sit aliquam qui. Impedit fuga sunt libero quisquam facere reprehenderit. Ut voluptas eos sint est amet tenetur cum.','molestias','2561',NULL,'2019-11-04 03:12:08','1999-02-04 08:10:20'),
('17','7','17','Labore eos laborum ratione voluptatem vel expedita. Sed et harum animi est eveniet. Aut sed magni vero consequatur blanditiis molestias explicabo. Commodi placeat et culpa tempore hic velit enim. Et explicabo velit est numquam quos.','quibusdam','9',NULL,'1988-02-17 19:55:04','2002-06-20 06:56:36'),
('18','8','18','Dolores sint eos autem eveniet dolores sit harum. Fuga quibusdam a facilis dolorem voluptate. Quo molestiae et quisquam natus dolor. Voluptatem nemo non sed voluptatem error at quis.','qui','57',NULL,'2012-04-21 10:21:47','2008-05-26 16:11:09'),
('19','9','19','Earum pariatur quidem ipsam dolor rerum facilis deserunt suscipit. Aspernatur non dolorum occaecati pariatur qui. Soluta placeat odit qui reprehenderit aliquam.','est','45503',NULL,'1987-05-12 00:07:08','1973-01-19 15:54:47'),
('20','10','20','Error est doloremque ipsam sint sapiente et. Quo aut provident aliquam sit natus voluptatibus ea rerum. Natus aut architecto libero tempora ullam.','ut','862731402',NULL,'2013-10-20 10:28:03','1972-03-18 12:27:10'),
('21','1','21','Est suscipit illum perferendis maxime aliquid fugit. Enim quos eum quos saepe optio quaerat. Quas ex aspernatur saepe repellat ipsam fuga aut.','est','38',NULL,'1993-10-17 23:15:28','1981-07-14 12:20:41'),
('22','2','22','Est sit necessitatibus commodi voluptatibus dolore est magni dolores. Qui eos omnis rerum est. Reiciendis dolores qui incidunt est ad enim ut. Voluptas sunt rerum aut est.','assumenda','0',NULL,'2010-07-02 08:15:30','2001-01-30 12:28:46'),
('23','3','23','Omnis ut consequatur nesciunt et est consequatur sit. Ut sunt provident consequatur fuga maiores provident. Neque omnis occaecati recusandae sint aut laudantium. Ut ut veritatis velit vero fuga placeat necessitatibus.','soluta','508276',NULL,'1975-07-08 09:17:23','1981-03-23 18:46:30'),
('24','4','24','Rerum quisquam commodi ipsum deleniti sint illum. Eligendi dolor ut et cum et deleniti. Assumenda earum velit qui voluptas est quidem pariatur. Fuga a id nesciunt repellat quia enim.','iure','295032',NULL,'1979-04-28 11:56:07','2010-09-19 05:53:46'),
('25','5','25','Et nulla recusandae culpa nulla. Quis distinctio et dolores facere. Voluptatem inventore eos animi sit. Facere similique saepe adipisci nostrum at iure labore. Aliquam soluta ad possimus voluptate dicta veniam qui commodi.','eos','88292',NULL,'2008-01-03 00:43:05','1993-08-08 09:20:34'),
('26','6','26','Fugiat et et iste natus voluptate minus illum. Vitae et ut et ut dolorem repellat. Nobis aliquid tenetur eos rem nobis. Repellendus dolor ea nisi veniam quo.','fugit','99312',NULL,'2019-09-03 02:41:58','2003-07-03 02:30:36'),
('27','7','27','Corporis et molestiae laborum nesciunt. Iusto et excepturi nihil voluptates ab fugiat ut et. Voluptas rem rerum totam unde autem. Ipsum ut a fuga accusantium quo doloremque harum.','ex','991732976',NULL,'1991-12-21 12:54:17','2016-04-20 08:05:51'),
('28','8','28','Est nisi quasi sit facere consequatur. At dolorem aliquid omnis. Sit et aliquid libero velit sunt fugit non non. Omnis nam ut voluptatem molestiae repudiandae consequuntur.','dolores','0',NULL,'2010-06-17 21:37:38','1999-12-29 03:34:59'),
('29','9','29','Aut et sunt enim itaque consequatur officia facilis. Earum qui cupiditate temporibus et quasi aut quia. Ut aliquid et quia eum voluptas nisi molestiae.','ducimus','5838',NULL,'2009-06-23 03:06:22','1999-05-10 19:48:55'),
('30','10','30','Quis quaerat eos veniam soluta eaque perspiciatis sequi. Aliquid tempora dolor ut.','dignissimos','0',NULL,'2007-04-05 23:21:27','1997-01-11 14:26:44'),
('31','1','31','Aliquid rerum similique labore sint pariatur. Ipsum necessitatibus eveniet quos sequi sit debitis voluptatem. Nisi autem exercitationem omnis consectetur magnam.','aut','708368',NULL,'1975-02-17 19:16:21','1997-05-21 17:42:41'),
('32','2','32','Eum illo ea sint eligendi. Quis eum esse nesciunt. Animi sint quae et ut corrupti in laborum qui. Ex ut quidem voluptatem a dolore aliquid eveniet molestiae.','delectus','40509149',NULL,'2012-01-27 11:59:57','1977-11-10 02:23:10'),
('33','3','33','Optio unde ducimus qui. Ipsum molestiae tempore fuga nihil perspiciatis debitis eum. Tenetur ab odio ipsum cupiditate distinctio. Quisquam aut voluptas aut est voluptatem.','doloribus','315',NULL,'1986-12-12 00:42:37','1970-08-19 13:54:42'),
('34','4','34','Itaque dolore est dolor explicabo ut eius illum est. Illo nesciunt laborum delectus est vel. At aliquid ea velit harum voluptatibus ab iure.','necessitatibus','965416',NULL,'2015-06-12 14:46:53','1987-03-21 01:16:04'),
('35','5','35','Accusantium esse molestiae quas et. Et molestiae non maiores pariatur illo non expedita. Excepturi occaecati est a dolore maiores est ullam molestiae. Suscipit ratione tempora quos blanditiis excepturi quibusdam occaecati quos. Consequatur vel quo expedita debitis consequuntur quo dignissimos.','hic','785970',NULL,'1987-03-16 00:47:10','1988-10-31 22:14:42'),
('36','6','36','Et ut quaerat qui dolore. Ab sed vel deleniti tempora. Magni est rerum alias eum earum illum perspiciatis. Quia debitis rerum sed quos qui qui.','voluptas','0',NULL,'2011-03-14 18:58:43','1991-06-23 01:40:03'),
('37','7','37','Eum officia dolore sequi est. Nulla omnis incidunt sed. Doloremque id molestiae in expedita aut. Quo vitae ullam asperiores blanditiis quidem.','similique','37',NULL,'2012-01-05 07:35:26','2005-01-18 14:02:40'),
('38','8','38','Maiores nulla sed dignissimos et. Et incidunt expedita qui qui magni. Fuga reiciendis voluptates qui qui et. In atque voluptatibus excepturi sit natus.','nesciunt','7',NULL,'1984-11-21 04:37:02','1984-01-14 13:30:03'),
('39','9','39','Voluptas ut voluptatum earum ducimus quod est fugit nihil. Voluptates alias eos fuga sapiente in saepe eum. Omnis natus voluptas voluptas quia hic.','architecto','173',NULL,'2011-10-23 15:50:30','1996-10-26 05:52:20'),
('40','10','40','Ratione non et tempora ut dolores ex accusantium. Ratione corporis quaerat et voluptatem. Tempora esse maxime assumenda distinctio eos alias et omnis. Voluptatem aperiam enim tenetur quidem officiis quam et.','laborum','5',NULL,'2012-07-20 09:23:19','1976-07-02 21:46:56'),
('41','1','41','Iste consequatur error culpa vel expedita. Dolorem assumenda et unde porro quia. Autem eligendi dolores quibusdam quia nisi sit ea. Qui quibusdam consequatur iure qui corrupti laudantium. Enim ducimus cupiditate et velit quasi.','dolorem','830426666',NULL,'2007-10-16 20:21:17','2019-10-22 04:07:44'),
('42','2','42','Et voluptate quia illum voluptatibus fugiat eos quaerat. Voluptates earum excepturi sit. Laboriosam nam ipsa explicabo libero quas tempora autem. Voluptates sequi fugiat quos voluptatem neque.','consequatur','821',NULL,'1978-08-27 06:28:25','2001-11-13 22:35:57'),
('43','3','43','Ipsam ipsum distinctio harum assumenda nihil aliquam. Magnam fuga totam quae iste fugit ut aliquid. Qui rerum quidem quo numquam. Quaerat voluptatem autem vitae fuga veniam laborum quas ullam.','aperiam','74187',NULL,'1974-10-22 17:41:09','1991-01-12 09:51:11'),
('44','4','44','Magnam voluptas voluptatum natus ipsa asperiores aspernatur eum. Qui totam facilis deserunt maxime magni sunt. Voluptatibus harum qui odit illum et quia suscipit. Incidunt et aut porro nemo dolores esse nulla.','aut','0',NULL,'2008-06-29 10:10:03','1988-02-07 20:11:25'),
('45','5','45','Cum libero vel autem doloribus deserunt tempore sit quas. Rerum ratione sit qui quis. Sed blanditiis eaque sit soluta autem dignissimos odio.','sunt','64',NULL,'2000-11-10 07:56:19','2014-10-03 05:31:17'),
('46','6','46','Maiores aut aut et saepe unde. Accusantium facere qui quia consequuntur praesentium tempore.','voluptatem','4494',NULL,'2002-05-29 01:59:11','1984-05-07 00:41:22'),
('47','7','47','Architecto illum enim consequuntur consequatur debitis. Saepe possimus eos aut praesentium. Et est in accusantium eligendi consequatur iure. Ducimus cum rerum officia quis corporis dolorem ratione.','tempora','416726778',NULL,'2005-11-12 23:31:15','2000-11-26 11:35:39'),
('48','8','48','Dicta rem omnis quibusdam molestias ut earum omnis. Consequuntur sed repellat in id.','non','30',NULL,'1985-04-24 02:20:18','1978-08-04 04:04:41'),
('49','9','49','In quam eum debitis. Sunt aut veniam aut aut quas provident exercitationem.','sequi','474',NULL,'1977-05-04 13:54:12','1973-02-07 03:45:36'),
('50','10','50','Voluptas quibusdam cupiditate quis ducimus ullam qui. Debitis at distinctio placeat atque qui harum aut qui. Sit iste quasi ut itaque rerum.','laudantium','87',NULL,'2018-08-16 01:00:50','1993-08-08 13:41:02'),
('51','1','1','Aut ab ab est quaerat. Pariatur maiores nihil dolore doloribus quisquam dolores. Ea voluptas dolorem maiores autem rerum.','itaque','8777343',NULL,'1987-07-07 07:48:28','1974-06-01 22:30:24'),
('52','2','2','Qui saepe provident ut ut. Fugit incidunt blanditiis temporibus non. Et occaecati voluptatem nihil ducimus laboriosam veritatis.','voluptatem','64271953',NULL,'2005-12-28 11:12:54','1974-05-11 22:49:24'),
('53','3','3','Et neque qui debitis. Nihil laudantium praesentium sed et sed vel numquam minima. Accusantium quo consequatur quis est. Ad non quia voluptas aperiam ut labore molestiae praesentium. Totam omnis odit quae rerum sint voluptas et.','libero','205215',NULL,'2011-08-27 06:20:29','2006-10-30 05:02:43'),
('54','4','4','Ut aspernatur vel aspernatur recusandae architecto omnis earum. Illo rem culpa nostrum cum recusandae exercitationem.','occaecati','8923952',NULL,'2009-07-23 23:13:55','2010-10-24 13:07:08'),
('55','5','5','Debitis eligendi incidunt voluptatem itaque hic soluta aut. Expedita soluta vel eaque autem omnis. Eum qui itaque est laboriosam asperiores. Accusantium nihil deserunt qui mollitia ea et qui. Repudiandae assumenda quia aut magnam aut accusamus.','provident','836',NULL,'2019-11-13 10:26:35','2019-02-27 18:50:28'),
('56','6','6','Molestias nihil eius architecto omnis. Eveniet vitae totam iusto consequatur aut est. Nihil est quia delectus aut.','sit','0',NULL,'1986-03-22 14:29:08','2009-06-10 20:16:09'),
('57','7','7','Ut hic rerum cupiditate. Dignissimos et mollitia nobis aut consequuntur omnis. Et cum voluptate mollitia praesentium numquam quo. Placeat deleniti maiores fugiat ut corrupti sint eveniet.','eaque','6',NULL,'2019-06-22 11:11:12','1971-10-19 20:18:15'),
('58','8','8','Consequatur perferendis minus amet. Occaecati id maiores blanditiis voluptas. Odit et et ratione qui. Velit quo qui et quis ea deserunt omnis.','ut','1683213',NULL,'1996-10-17 20:21:49','1973-07-13 10:47:03'),
('59','9','9','Non et rerum blanditiis consectetur veritatis sint. Consequatur velit nisi alias laboriosam. Ullam cumque perspiciatis qui eveniet. Id ea voluptas numquam quia. Consequatur qui impedit recusandae reprehenderit harum recusandae deserunt sunt.','necessitatibus','129970121',NULL,'2001-11-12 08:32:41','1999-05-01 15:22:51'),
('60','10','10','Consectetur neque laboriosam laudantium velit aut maxime. Odit aspernatur et quod aut sit consequuntur. Vel optio temporibus tempore. Est aut incidunt officiis dicta aspernatur rerum cumque fugiat. Reiciendis sed voluptas modi.','amet','167729',NULL,'2001-02-23 02:05:45','2016-10-10 08:34:47'),
('61','1','11','Minima asperiores dignissimos omnis qui. Praesentium labore nobis magnam atque ipsam vitae. Et rerum officiis consectetur consequatur quidem voluptatibus in et.','tenetur','81119988',NULL,'2013-06-22 20:29:41','1970-12-29 00:39:03'),
('62','2','12','Voluptates est sit voluptatem qui distinctio incidunt. Hic fugit aliquam sint repudiandae officia consequatur autem commodi. Nemo veritatis totam repellendus pariatur est harum debitis.','asperiores','3',NULL,'1980-07-27 14:48:30','1986-03-11 13:06:07'),
('63','3','13','Et inventore adipisci iste. Nemo modi nemo nulla distinctio. In maxime consequuntur iusto odit provident praesentium est. Dignissimos molestiae autem quaerat alias deserunt architecto harum ut.','atque','3871635',NULL,'2005-07-03 10:29:48','2015-04-15 15:30:28'),
('64','4','14','Occaecati laboriosam quia voluptatem doloribus. Qui officiis voluptas accusantium delectus placeat sint explicabo temporibus. Saepe deleniti unde beatae voluptatem.','nihil','44',NULL,'1999-10-04 19:09:31','2006-05-25 19:34:21'),
('65','5','15','Voluptatem soluta neque mollitia consectetur et ea repellendus unde. Officia porro occaecati delectus minima minus velit. Omnis excepturi a cumque illum error. Officia suscipit quasi et dolores fugit eaque.','fugit','8632',NULL,'1974-08-28 13:21:53','2019-07-12 23:40:37'),
('66','6','16','Neque est deserunt ut corporis. Maxime et esse qui eum. Voluptatem iure maiores qui sed repudiandae non atque ut.','omnis','7',NULL,'1982-12-03 11:07:48','1979-11-17 04:29:08'),
('67','7','17','Sit autem earum ea voluptatem. Unde consectetur nam tempora totam ut. Ratione eos delectus eos delectus quo non.','minima','683',NULL,'1991-08-29 19:25:50','1977-05-19 09:03:33'),
('68','8','18','Aut sunt excepturi et laboriosam minima quo velit molestiae. Expedita non possimus cum deleniti. Sit eum officiis omnis est inventore.','eligendi','7',NULL,'2001-01-26 04:10:59','1998-11-06 06:52:57'),
('69','9','19','Nobis qui quo tempore architecto ut adipisci velit. Sit enim expedita autem qui qui. Perspiciatis odio saepe ut sed vel magnam.','qui','777569821',NULL,'1990-08-02 14:09:04','1984-01-15 10:39:51'),
('70','10','20','Quae ipsa asperiores in sit. Aliquam perspiciatis et molestias adipisci. Voluptatem consequuntur magnam autem laboriosam ea.','aliquam','762',NULL,'1978-03-02 20:18:05','1983-05-13 12:10:24'),
('71','1','21','Minima qui at minima a. Voluptas aut sit reiciendis natus omnis. Sint perferendis sint nobis natus aut.','in','8496',NULL,'2012-11-14 11:39:34','1976-01-06 21:49:25'),
('72','2','22','Tempore cum tempora error sed exercitationem et. Omnis et ipsam eum illo. Quia ipsum quibusdam accusantium consequatur debitis.','excepturi','9',NULL,'2019-03-27 13:10:10','1990-05-13 02:58:09'),
('73','3','23','Et eos distinctio id quaerat. Omnis molestiae autem sed voluptas veritatis est omnis.','voluptatem','9565',NULL,'2018-09-13 04:14:09','1970-06-25 16:13:45'),
('74','4','24','Ipsam repellat sequi et eaque tenetur et unde. Voluptas aut quia quia aperiam quis eum. Sunt pariatur ipsam eos illo est nobis quis. Tempora quia qui molestiae et accusantium. Rerum velit autem et eos sapiente.','adipisci','408603',NULL,'1994-05-17 23:02:20','1992-07-19 15:54:37'),
('75','5','25','Est alias molestias repudiandae dolorem eum. Non quisquam tenetur in. Rerum dolorem optio id et dolorum. Explicabo eius quae laborum et.','saepe','50371',NULL,'2004-09-04 01:33:05','1993-03-22 20:33:37'),
('76','6','26','Ullam optio est dolores. Vero nihil accusantium qui saepe omnis est. Harum praesentium officia molestiae enim architecto non. Velit est fuga exercitationem et minus delectus eveniet minus.','rerum','5',NULL,'1992-11-19 21:41:34','1990-10-30 19:00:30'),
('77','7','27','Sit in dolorem temporibus accusamus enim dolorum. Sapiente explicabo consequatur voluptate molestias id labore unde.','dolor','9481',NULL,'1988-08-18 15:01:09','1989-03-20 03:24:19'),
('78','8','28','Quia consequatur nobis ducimus ipsum. Doloribus id quia perferendis quia rerum aliquam rerum. Ipsa ullam aut sint excepturi sunt tenetur blanditiis. Sint qui nisi rerum cupiditate quaerat voluptatem.','eligendi','226640431',NULL,'1971-05-02 20:22:01','2015-06-30 10:49:04'),
('79','9','29','Quidem error necessitatibus rerum perspiciatis velit enim. Sapiente velit rerum ducimus quasi aut. Et fugit placeat soluta eos doloribus amet ea. Praesentium eum facilis cum.','voluptas','32',NULL,'1993-09-28 22:58:33','2002-07-31 13:50:03'),
('80','10','30','Iste quia vel ducimus est id delectus deserunt. Qui quia laborum voluptatem perspiciatis modi. Quo non vitae quidem.','excepturi','0',NULL,'1981-06-24 01:22:49','1997-05-10 20:41:30'),
('81','1','31','Id dolor error nostrum quam vel non enim. Sapiente commodi soluta doloribus omnis iure ducimus. Perferendis eaque ut culpa eligendi praesentium. Laudantium quo aspernatur odit tempore quis ut soluta.','aperiam','0',NULL,'2008-05-23 06:52:09','1988-10-26 23:28:39'),
('82','2','32','Qui soluta iste voluptas reprehenderit sequi ut beatae. Sunt quo pariatur tenetur repellendus assumenda impedit. Rerum dignissimos repudiandae asperiores sapiente ab. Quam excepturi quisquam modi nobis ut rerum.','temporibus','97',NULL,'2003-01-22 03:26:16','1977-06-13 21:12:17'),
('83','3','33','Animi qui ut nesciunt sed nostrum rem. Quia dolores similique et vitae.','aliquid','553',NULL,'2008-07-15 22:00:12','1974-05-05 10:24:06'),
('84','4','34','Repellat libero et alias qui pariatur fugit accusantium. Distinctio natus iure dolor pariatur fugit magni. Fugiat iste quaerat consectetur ex suscipit. Reiciendis nam perspiciatis qui ipsa.','sit','979049871',NULL,'1973-11-26 14:24:17','1972-12-14 18:43:34'),
('85','5','35','Qui numquam dolorem hic molestiae sit. Sed ut quasi libero quasi. Dolores non nihil voluptate numquam laboriosam tempora debitis.','ut','722994',NULL,'1974-05-10 18:06:07','1985-11-28 07:47:16'),
('86','6','36','Non culpa eum architecto nesciunt laudantium. Dolorem omnis sapiente quia qui mollitia distinctio qui. Itaque quibusdam inventore perspiciatis sit voluptas.','fuga','310221934',NULL,'2004-08-02 16:12:52','1980-05-12 13:02:10'),
('87','7','37','Ut perferendis est consequatur nihil suscipit. Dolor iure rerum quam aspernatur saepe. Corporis itaque illum dolorem fugit sunt. Odio voluptas assumenda omnis natus modi sed nesciunt.','accusamus','994444',NULL,'1999-06-03 05:44:33','2018-03-11 19:37:22'),
('88','8','38','Adipisci rem et vero molestiae officia. Quibusdam cum velit non qui perferendis possimus. Nihil doloremque sint voluptatibus sed. Distinctio quas et et repudiandae.','rem','8',NULL,'2015-03-05 18:26:57','2011-12-15 12:58:49'),
('89','9','39','Sunt tempore tenetur maiores quo harum itaque. Corrupti est vitae amet voluptate a. Dolorem a magnam quasi voluptatem reiciendis excepturi. Consequatur libero sunt ab pariatur ipsam.','tempora','5709',NULL,'2012-01-06 15:09:24','2000-07-08 09:51:08'),
('90','10','40','Beatae est quis qui exercitationem alias distinctio. Facilis nihil quod sequi earum minus aperiam. In vel eligendi veniam ab possimus facilis harum. Error ratione distinctio nostrum officiis.','aspernatur','129',NULL,'1981-10-02 10:55:53','2000-11-10 14:08:34'),
('91','1','41','Id modi excepturi nisi possimus harum eaque est dolor. Repellendus atque suscipit accusamus minus necessitatibus saepe. Modi dolor nostrum libero.','earum','737341749',NULL,'1980-01-22 12:11:56','2017-05-20 09:24:14'),
('92','2','42','Repellat est distinctio excepturi consequatur. Dolorem quis quis nam adipisci rerum voluptas. Aut qui vel totam non.','aut','71807310',NULL,'1976-10-12 15:52:56','1989-12-12 19:58:51'),
('93','3','43','Occaecati illo exercitationem voluptatem dignissimos. Qui inventore velit ut tempore deleniti dolores consequatur officia. Iusto temporibus explicabo voluptas velit.','ipsa','513952924',NULL,'2000-11-25 01:37:23','2010-05-10 02:40:28'),
('94','4','44','Ut magnam voluptatem quasi maiores. Eius quis ex ut qui aut. Ut aut cupiditate nisi dolorem. Cupiditate eaque omnis magnam exercitationem architecto optio.','rerum','45',NULL,'2004-06-07 21:21:19','2002-03-13 03:26:50'),
('95','5','45','Et nobis nihil voluptatem eos. Id quo ea temporibus vel minus dolorem. Voluptatem impedit velit velit quos temporibus a alias illo. Fuga provident error recusandae aliquid et illum.','ut','63278',NULL,'2015-08-18 04:57:53','1971-06-11 12:59:46'),
('96','6','46','Earum quia consequatur quo ut. Qui reprehenderit ducimus eaque corporis fugit consequatur. Tenetur porro sed numquam non eligendi saepe ea enim. Omnis numquam illo rem accusantium fugit quia officia.','et','16768',NULL,'1999-05-26 05:33:00','1999-05-27 18:59:06'),
('97','7','47','Enim corrupti quod est molestiae aspernatur officia excepturi. Eos nihil odit ratione non debitis maiores ab. Veritatis dolores magni id fuga.','omnis','187179',NULL,'2016-01-18 13:51:01','2008-08-04 14:14:40'),
('98','8','48','Rerum quod qui facilis rerum et. Et maxime sint similique architecto deserunt veniam aliquid sapiente.','saepe','8',NULL,'1993-07-23 10:26:04','2015-03-16 18:36:35'),
('99','9','49','Error vel recusandae dolores. Quam et ratione delectus velit.','officiis','6',NULL,'2004-02-19 21:30:20','1995-11-22 22:53:42'),
('100','10','50','Eum sint sunt sed repellat iusto expedita voluptas at. Aut et eum provident architecto commodi id. Et eaque error error qui dolorem.','deserunt','37496142',NULL,'1977-11-04 13:40:56','1980-02-03 08:31:38'); 


DROP TABLE IF EXISTS `likes`;
CREATE TABLE `likes` (
  `id` bigint(20) unsigned NOT NULL AUTO_INCREMENT,
  `user_id` bigint(20) unsigned NOT NULL,
  `media_id` bigint(20) unsigned NOT NULL,
  `created_at` datetime DEFAULT current_timestamp(),
  PRIMARY KEY (`id`),
  KEY `user_id` (`user_id`),
  KEY `media_id` (`media_id`),
  CONSTRAINT `likes_ibfk_1` FOREIGN KEY (`user_id`) REFERENCES `users` (`id`),
  CONSTRAINT `likes_ibfk_2` FOREIGN KEY (`media_id`) REFERENCES `media` (`id`)
) ENGINE=InnoDB AUTO_INCREMENT=71 DEFAULT CHARSET=utf8 COLLATE=utf8_unicode_ci;

INSERT INTO `likes` VALUES ('1','1','1','1970-04-26 12:56:20'),
('2','2','2','1983-01-28 23:01:10'),
('3','3','3','2011-05-04 19:15:47'),
('4','4','4','1982-03-08 19:16:17'),
('5','5','5','1971-03-11 14:23:37'),
('6','6','6','1980-12-11 18:30:47'),
('7','7','7','1994-09-06 14:47:45'),
('8','8','8','1985-07-31 13:34:32'),
('9','9','9','1974-06-04 05:19:00'),
('10','10','10','2006-03-30 07:05:31'),
('11','11','11','1984-04-21 17:58:51'),
('12','12','12','1973-06-13 03:07:40'),
('13','13','13','1982-02-14 00:08:30'),
('14','14','14','1981-09-18 17:58:51'),
('15','15','15','1979-07-20 00:57:05'),
('16','16','16','2009-07-05 17:12:11'),
('17','17','17','1974-10-09 06:40:53'),
('18','18','18','1971-03-06 06:09:11'),
('19','19','19','1993-08-05 17:17:02'),
('20','20','20','2007-01-12 06:41:43'),
('21','21','21','2010-09-03 18:14:44'),
('22','22','22','1991-09-23 11:24:46'),
('23','23','23','1996-12-01 21:55:38'),
('24','24','24','1981-05-27 03:48:39'),
('25','25','25','1995-11-17 06:15:27'),
('26','26','26','2012-07-11 05:28:06'),
('27','27','27','1978-08-10 01:07:55'),
('28','28','28','1999-08-12 18:25:41'),
('29','29','29','1980-10-23 15:28:51'),
('30','30','30','1988-07-18 19:50:15'),
('31','31','31','1986-07-21 09:51:38'),
('32','32','32','2015-04-19 09:29:42'),
('33','33','33','1995-10-29 20:41:27'),
('34','34','34','1981-05-07 14:11:30'),
('35','35','35','1991-07-26 18:17:30'),
('36','36','36','2006-07-18 20:46:53'),
('37','37','37','2005-11-11 11:43:50'),
('38','38','38','2004-12-21 07:01:53'),
('39','39','39','1981-02-09 15:16:47'),
('40','40','40','2012-11-07 01:08:25'),
('41','41','41','1993-05-02 03:41:30'),
('42','42','42','1977-08-08 16:43:26'),
('43','43','43','1981-09-26 06:11:23'),
('44','44','44','1995-01-30 16:10:39'),
('45','45','45','2015-06-29 20:28:26'),
('46','46','46','2012-07-01 03:09:46'),
('47','47','47','1991-08-22 22:31:39'),
('48','48','48','1996-04-21 15:56:02'),
('49','49','49','2003-05-22 07:09:15'),
('50','50','50','1998-01-16 14:06:13'),
('51','1','51','2008-06-15 19:02:03'),
('52','2','52','2016-12-01 10:48:53'),
('53','3','53','2019-06-07 07:50:51'),
('54','4','54','1977-12-25 22:16:19'),
('55','5','55','2003-04-04 01:54:18'),
('56','6','56','2002-10-29 09:35:38'),
('57','7','57','2018-01-01 07:47:55'),
('58','8','58','1991-06-26 15:41:28'),
('59','9','59','1976-01-05 04:20:39'),
('60','10','60','1973-03-07 13:29:05'),
('61','11','61','1996-11-21 13:47:34'),
('62','12','62','1975-06-23 19:03:54'),
('63','13','63','1994-09-13 08:17:56'),
('64','14','64','1995-07-28 15:44:43'),
('65','15','65','2009-04-04 13:03:24'),
('66','16','66','1985-07-28 06:40:11'),
('67','17','67','2003-02-18 22:30:55'),
('68','18','68','2009-02-16 10:55:06'),
('69','19','69','1989-07-30 14:25:22'),
('70','20','70','1972-02-27 04:30:28');


DROP TABLE IF EXISTS `photo_albums`;
CREATE TABLE `photo_albums` (
  `id` bigint(20) unsigned NOT NULL AUTO_INCREMENT,
  `name` varchar(255) COLLATE utf8_unicode_ci DEFAULT NULL,
  `user_id` bigint(20) unsigned DEFAULT NULL,
  PRIMARY KEY (`id`),
  UNIQUE KEY `id` (`id`),
  KEY `user_id` (`user_id`),
  CONSTRAINT `photo_albums_ibfk_1` FOREIGN KEY (`user_id`) REFERENCES `users` (`id`)
) ENGINE=InnoDB AUTO_INCREMENT=101 DEFAULT CHARSET=utf8 COLLATE=utf8_unicode_ci;

INSERT INTO `photo_albums` VALUES ('1','et','1'),
('2','provident','2'),
('3','id','3'),
('4','error','4'),
('5','delectus','5'),
('6','aut','6'),
('7','ex','7'),
('8','mollitia','8'),
('9','voluptatem','9'),
('10','reiciendis','10'),
('11','rerum','11'),
('12','et','12'),
('13','eligendi','13'),
('14','nisi','14'),
('15','dignissimos','15'),
('16','culpa','16'),
('17','et','17'),
('18','repellendus','18'),
('19','qui','19'),
('20','sed','20'),
('21','atque','21'),
('22','quae','22'),
('23','illum','23'),
('24','voluptatum','24'),
('25','modi','25'),
('26','facere','26'),
('27','autem','27'),
('28','quia','28'),
('29','provident','29'),
('30','veritatis','30'),
('31','nobis','31'),
('32','eveniet','32'),
('33','reprehenderit','33'),
('34','quia','34'),
('35','consequatur','35'),
('36','officiis','36'),
('37','nostrum','37'),
('38','nulla','38'),
('39','voluptates','39'),
('40','porro','40'),
('41','nulla','41'),
('42','qui','42'),
('43','laudantium','43'),
('44','ea','44'),
('45','explicabo','45'),
('46','distinctio','46'),
('47','itaque','47'),
('48','odit','48'),
('49','quisquam','49'),
('50','ea','50'),
('51','veritatis','1'),
('52','illum','2'),
('53','ipsam','3'),
('54','eaque','4'),
('55','consequatur','5'),
('56','ex','6'),
('57','dolor','7'),
('58','quos','8'),
('59','nobis','9'),
('60','facere','10'),
('61','aspernatur','11'),
('62','consequatur','12'),
('63','eius','13'),
('64','at','14'),
('65','ut','15'),
('66','consectetur','16'),
('67','enim','17'),
('68','natus','18'),
('69','doloremque','19'),
('70','dolores','20'),
('71','aliquid','21'),
('72','alias','22'),
('73','saepe','23'),
('74','earum','24'),
('75','quae','25'),
('76','neque','26'),
('77','et','27'),
('78','sit','28'),
('79','perspiciatis','29'),
('80','ipsum','30'),
('81','dolorem','31'),
('82','dolorum','32'),
('83','est','33'),
('84','totam','34'),
('85','ullam','35'),
('86','eos','36'),
('87','pariatur','37'),
('88','nemo','38'),
('89','voluptates','39'),
('90','pariatur','40'),
('91','voluptatem','41'),
('92','repellendus','42'),
('93','sit','43'),
('94','itaque','44'),
('95','quos','45'),
('96','expedita','46'),
('97','quas','47'),
('98','debitis','48'),
('99','praesentium','49'),
('100','perferendis','50'); 


DROP TABLE IF EXISTS `photos`;
CREATE TABLE `photos` (
  `id` bigint(20) unsigned NOT NULL AUTO_INCREMENT,
  `album_id` bigint(20) unsigned NOT NULL,
  `media_id` bigint(20) unsigned NOT NULL,
  PRIMARY KEY (`id`),
  KEY `album_id` (`album_id`),
  KEY `media_id` (`media_id`),
  CONSTRAINT `photos_ibfk_1` FOREIGN KEY (`album_id`) REFERENCES `photo_albums` (`id`),
  CONSTRAINT `photos_ibfk_2` FOREIGN KEY (`media_id`) REFERENCES `media` (`id`)
) ENGINE=InnoDB AUTO_INCREMENT=71 DEFAULT CHARSET=utf8 COLLATE=utf8_unicode_ci;

INSERT INTO `photos` VALUES ('1','1','1'),
('2','2','2'),
('3','3','3'),
('4','4','4'),
('5','5','5'),
('6','6','6'),
('7','7','7'),
('8','8','8'),
('9','9','9'),
('10','10','10'),
('11','11','11'),
('12','12','12'),
('13','13','13'),
('14','14','14'),
('15','15','15'),
('16','16','16'),
('17','17','17'),
('18','18','18'),
('19','19','19'),
('20','20','20'),
('21','21','21'),
('22','22','22'),
('23','23','23'),
('24','24','24'),
('25','25','25'),
('26','26','26'),
('27','27','27'),
('28','28','28'),
('29','29','29'),
('30','30','30'),
('31','31','31'),
('32','32','32'),
('33','33','33'),
('34','34','34'),
('35','35','35'),
('36','36','36'),
('37','37','37'),
('38','38','38'),
('39','39','39'),
('40','40','40'),
('41','41','41'),
('42','42','42'),
('43','43','43'),
('44','44','44'),
('45','45','45'),
('46','46','46'),
('47','47','47'),
('48','48','48'),
('49','49','49'),
('50','50','50'),
('51','51','51'),
('52','52','52'),
('53','53','53'),
('54','54','54'),
('55','55','55'),
('56','56','56'),
('57','57','57'),
('58','58','58'),
('59','59','59'),
('60','60','60'),
('61','61','61'),
('62','62','62'),
('63','63','63'),
('64','64','64'),
('65','65','65'),
('66','66','66'),
('67','67','67'),
('68','68','68'),
('69','69','69'),
('70','70','70');


DROP TABLE IF EXISTS `games`;
CREATE TABLE `games` (
  `id` bigint(20) unsigned NOT NULL AUTO_INCREMENT,
  `game_name` varchar(255) COLLATE utf8_unicode_ci DEFAULT NULL,
  `created_at` datetime DEFAULT current_timestamp(),
  `updated_at` datetime DEFAULT current_timestamp() ON UPDATE current_timestamp(),
  PRIMARY KEY (`id`)
) ENGINE=InnoDB AUTO_INCREMENT=21 DEFAULT CHARSET=utf8 COLLATE=utf8_unicode_ci;

INSERT INTO `games` VALUES ('1','dolores','1974-12-12 13:23:49','1979-03-14 14:17:14'),
('2','iusto','1974-04-05 21:10:05','1985-09-22 11:55:13'),
('3','velit','2004-05-29 06:03:02','2000-04-01 13:21:16'),
('4','ut','2016-01-04 14:45:19','2004-08-25 10:29:54'),
('5','molestiae','1973-11-14 20:57:51','2000-07-02 11:37:28'),
('6','iure','1984-07-11 23:10:17','2012-12-07 22:27:21'),
('7','id','1994-12-03 04:12:46','2008-07-14 21:08:45'),
('8','adipisci','2017-10-30 19:01:44','2006-05-23 00:37:58'),
('9','ut','1992-09-05 12:20:23','2015-11-13 06:27:11'),
('10','sunt','2009-02-21 08:49:44','2012-01-08 00:32:29'),
('11','reiciendis','1986-04-24 19:20:13','1976-12-30 16:18:13'),
('12','praesentium','2014-02-19 04:58:12','1998-11-17 20:36:30'),
('13','ea','2001-04-09 23:59:10','1977-10-20 08:56:01'),
('14','suscipit','2017-03-30 06:48:44','2004-07-09 05:31:21'),
('15','nostrum','1993-03-30 20:21:30','1998-09-16 01:29:45'),
('16','repudiandae','1978-03-27 08:04:26','2008-01-06 19:37:06'),
('17','voluptatem','1972-08-30 00:12:01','1994-06-06 04:03:42'),
('18','qui','2007-07-23 05:51:24','2008-02-15 19:21:21'),
('19','est','2007-07-22 08:09:39','1997-04-01 12:59:49'),
('20','velit','1973-07-25 04:53:32','2007-02-26 21:45:27'); 


DROP TABLE IF EXISTS `goods`;
CREATE TABLE `goods` (
  `article` bigint(20) unsigned NOT NULL AUTO_INCREMENT,
  `item_name` varchar(50) COLLATE utf8_unicode_ci DEFAULT NULL,
  `buyer_id` bigint(20) unsigned NOT NULL,
  `item_count` bigint(20) unsigned NOT NULL,
  `buy_date` datetime DEFAULT current_timestamp(),
  PRIMARY KEY (`article`),
  KEY `buyer_id` (`buyer_id`),
  CONSTRAINT `goods_ibfk_1` FOREIGN KEY (`buyer_id`) REFERENCES `users` (`id`)
) ENGINE=InnoDB AUTO_INCREMENT=101 DEFAULT CHARSET=utf8 COLLATE=utf8_unicode_ci;

INSERT INTO `goods` VALUES ('1','sed','1','95058','1997-03-28 19:38:52'),
('2','necessitatibus','2','9926649','1978-04-22 17:17:12'),
('3','voluptatem','3','0','2004-02-05 07:22:01'),
('4','provident','4','32567','1988-09-02 06:06:20'),
('5','hic','5','819047','2002-08-15 20:44:20'),
('6','sunt','6','366910','2019-06-11 04:46:45'),
('7','accusantium','7','435079','1989-01-02 20:49:01'),
('8','ea','8','20800','1977-11-08 11:40:20'),
('9','rerum','9','78368','1993-07-02 12:52:24'),
('10','perspiciatis','10','44870672','2014-08-29 10:32:06'),
('11','sed','11','0','1983-01-11 21:58:34'),
('12','iste','12','722584','1998-04-07 09:03:24'),
('13','ut','13','1','2011-12-04 23:27:02'),
('14','autem','14','7651114','1992-12-05 07:06:32'),
('15','aut','15','4453492','1998-11-08 02:14:52'),
('16','incidunt','16','0','2000-02-22 19:57:12'),
('17','sunt','17','532771','1980-06-21 01:15:28'),
('18','minima','18','0','1979-12-24 08:11:30'),
('19','molestias','19','7513','1991-03-16 15:00:53'),
('20','quod','20','76','1980-10-31 18:38:09'),
('21','quisquam','21','775072467','1999-12-10 06:50:01'),
('22','laboriosam','22','43','2012-10-01 00:48:23'),
('23','fugiat','23','4142523','1994-05-07 23:10:39'),
('24','officiis','24','9815592','2002-03-22 01:47:38'),
('25','quos','25','4','1986-01-09 09:13:30'),
('26','in','26','32949','1986-06-27 05:38:46'),
('27','et','27','322','1982-01-24 14:25:39'),
('28','qui','28','311','1978-07-15 06:42:13'),
('29','ut','29','0','2000-08-05 18:16:47'),
('30','et','30','3690','1999-04-26 08:01:57'),
('31','aliquam','31','12','1971-08-18 06:58:36'),
('32','doloribus','32','24999','1983-01-09 00:11:25'),
('33','dolores','33','0','2018-01-09 03:07:38'),
('34','laboriosam','34','956245','2011-07-31 18:15:57'),
('35','voluptatibus','35','88','1993-09-19 14:15:16'),
('36','tempora','36','263509663','1974-09-24 00:22:33'),
('37','dolorem','37','62442632','1993-08-04 23:49:41'),
('38','esse','38','1745863','1996-06-21 04:08:11'),
('39','qui','39','159007628','1972-01-16 09:49:03'),
('40','voluptas','40','4936134','1982-04-29 11:48:59'),
('41','enim','41','0','2013-12-30 15:21:06'),
('42','fugiat','42','9','1990-04-07 14:14:44'),
('43','et','43','44','2018-12-27 20:08:07'),
('44','et','44','662','1987-12-07 15:09:14'),
('45','at','45','3645575','1973-12-26 03:01:38'),
('46','exercitationem','46','568022419','1994-12-22 09:19:36'),
('47','modi','47','53911','1973-02-13 15:00:44'),
('48','praesentium','48','186','1985-01-04 21:08:18'),
('49','est','49','51696635','2007-06-05 19:54:32'),
('50','qui','50','93597','1992-04-11 07:32:29'),
('51','asperiores','1','462854','1979-11-14 17:54:40'),
('52','alias','2','413980','2000-12-22 14:52:46'),
('53','perspiciatis','3','860','1976-08-10 08:31:58'),
('54','in','4','86994','2019-05-10 09:03:02'),
('55','consectetur','5','64841','2009-10-30 08:14:59'),
('56','id','6','611924999','1999-09-06 03:28:56'),
('57','consequatur','7','9759360','1970-08-23 11:11:04'),
('58','perferendis','8','73295','1985-08-03 15:05:03'),
('59','minus','9','986363','2001-12-31 02:59:40'),
('60','possimus','10','16437','1979-07-28 17:36:09'),
('61','sequi','11','31565','2000-09-24 20:05:28'),
('62','aut','12','9','1990-03-05 15:54:33'),
('63','et','13','3245322','2009-02-09 02:25:43'),
('64','occaecati','14','74','1973-08-13 09:39:01'),
('65','commodi','15','8446','2012-01-25 03:19:09'),
('66','labore','16','817690','1984-04-09 13:09:53'),
('67','molestiae','17','643','1989-03-11 09:58:11'),
('68','nihil','18','2','1992-09-21 17:20:08'),
('69','perferendis','19','0','1976-08-20 19:51:11'),
('70','totam','20','2012','2018-07-05 07:54:46'),
('71','eos','21','65433','2018-02-23 17:28:01'),
('72','impedit','22','6618731','2007-01-24 22:41:43'),
('73','repudiandae','23','8','2003-08-25 19:38:13'),
('74','expedita','24','0','2001-10-29 13:46:34'),
('75','quia','25','9415577','1972-11-10 19:32:47'),
('76','quis','26','23328165','1991-02-02 13:52:09'),
('77','dolor','27','56027','2001-01-20 07:38:02'),
('78','consequatur','28','63146434','1976-07-15 01:43:59'),
('79','numquam','29','4904','1984-08-26 06:39:52'),
('80','ipsum','30','977','2006-05-31 10:30:13'),
('81','non','31','0','1978-08-20 09:08:01'),
('82','facere','32','636172','1989-10-03 04:34:43'),
('83','nihil','33','73773000','2001-02-26 11:54:37'),
('84','est','34','269','1972-11-23 16:59:35'),
('85','reiciendis','35','93','2001-05-16 11:15:06'),
('86','iure','36','99168','2013-08-12 19:39:27'),
('87','pariatur','37','990579','1997-05-15 22:56:51'),
('88','adipisci','38','3392899','2011-03-28 01:58:48'),
('89','in','39','36845405','1987-11-11 20:08:17'),
('90','quibusdam','40','695','1973-08-26 12:19:50'),
('91','sit','41','363431892','1978-04-04 02:19:05'),
('92','hic','42','95544297','1976-01-20 07:07:13'),
('93','perferendis','43','78201417','1971-02-03 03:09:58'),
('94','non','44','74200178','2010-03-12 07:52:08'),
('95','et','45','0','1978-03-01 22:38:27'),
('96','reiciendis','46','725548','1970-01-31 19:27:48'),
('97','dolor','47','81216','2016-01-05 16:58:31'),
('98','quidem','48','1965','2009-06-27 20:34:47'),
('99','porro','49','11808656','1993-01-25 12:42:36'),
('100','enim','50','7312','1998-01-21 11:09:10'); 


DROP TABLE IF EXISTS `user_games`;
CREATE TABLE `user_games` (
  `user_id` bigint(20) unsigned NOT NULL,
  `game_id` bigint(20) unsigned NOT NULL,
  PRIMARY KEY (`user_id`,`game_id`),
  KEY `game_id` (`game_id`),
  CONSTRAINT `user_games_ibfk_1` FOREIGN KEY (`user_id`) REFERENCES `users` (`id`),
  CONSTRAINT `user_games_ibfk_2` FOREIGN KEY (`game_id`) REFERENCES `games` (`id`)
) ENGINE=InnoDB DEFAULT CHARSET=utf8 COLLATE=utf8_unicode_ci;

INSERT INTO `user_games` VALUES ('1','1'),
('2','2'),
('3','3'),
('4','4'),
('5','5'),
('6','6'),
('7','7'),
('8','8'),
('9','9'),
('10','10'),
('11','11'),
('12','12'),
('13','13'),
('14','14'),
('15','15'); 

-- 1.Пусть в таблице users поля created_at и updated_at оказались незаполненными.
-- Заполните их текущими датой и временем.

-- Выполнено выше.

-- 2.Таблица users была неудачно спроектирована. 
-- Записи created_at и updated_at были заданы типом VARCHAR и в них долгое время помещались значения в формате "20.10.2017 8:10".
-- Необходимо преобразовать поля к типу DATETIME, сохранив введеные ранее значения.

alter table users modify created_at datetime, modify updated_at datetime;

-- 3.В таблице складских запасов storehouses_products в поле value могут встречаться самые разные цифры: 0,
-- если товар закончился и выше нуля, если на складе имеются запасы. 
-- Необходимо отсортировать записи таким образом, чтобы они выводились в порядке увеличения значения value.
-- Однако, нулевые запасы должны выводиться в конце, после всех записей.


DROP TABLE IF EXISTS `storehouses_products`;
CREATE TABLE `storehouses_products`(
  `id` bigint(20) unsigned NOT NULL AUTO_INCREMENT,
  `name` varchar(255) COLLATE utf8_unicode_ci DEFAULT NULL,
  `value` bigint(10) unsigned default null,
 primary key(`id`)
);
insert into `storehouses_products` values ('1', 'umbrella', '0'),
('2', 'iphone','2500'),
('3','socks','0'),
('4', 'tabletPC', '30'),
('5', 'pen', '500'),
('6', 'car', '1')
; 
select * from storehouses_products order by value = 0, value; 


-- 4.(по желанию) Из таблицы users необходимо извлечь пользователей, родившихся в августе и мае.
-- Месяцы заданы в виде списка английских названий ('may', 'august')

select firstname, lastname, monthname(birthday)
 from users, profiles where users.id = profiles.user_id 
 and month(birthday) rlike '[58]';


-- 1.Подсчитайте средний возраст пользователей в таблице 

select floor(avg(TIMESTAMPDIFF(year, birthday, now())))
as 'средний возраст' from profiles;

-- 2.Подсчитайте количество дней рождения, которые приходятся на каждый из дней недели.
-- Следует учесть, что необходимы дни недели текущего года, а не года рождения.

select date_format(DATE_ADD(birthday, 
interval(TIMESTAMPDIFF(year, birthday, now())) year), '%W')
as 'weekday', count('Колличество дней рождения') 
from profiles group by weekday order by count('Колличество дней рождения');